product,review,rating,date
Aura X5 Wireless Headphones,"Camera quality is poor in low light. Very fragile product, already showing damage. Regret buying this, quite disappointed.",2,18 Jul 2026
Aura X5 Wireless Headphones,"Courier partner was polite and delivery was on time. Design looks sleek and beautiful in person. Genuinely satisfied, five stars from me.",3,23 Sep 2025
Aura X5 Wireless Headphones,"Camera quality is poor in low light. Delivery was delayed by more than a week. Customer service never picks up the phone. Regret buying this, quite disappointed.",1,12 Jan 2026
Aura X5 Wireless Headphones,"Price is high compared to competing brands. The material quality exceeded my expectations. Courier behaved rudely and rescheduled twice. Decent for the price, with some compromises.",3,11 Mar 2026
Aura X5 Wireless Headphones,"Seller responded within an hour, great support. The material quality exceeded my expectations. Seems very durable, survived a drop already. Exceeded my expectations in most areas.",3,24 Oct 2025
Aura X5 Wireless Headphones,The material quality exceeded my expectations. Would definitely recommend it to others.,1,13 May 2026
Aura X5 Wireless Headphones,"Neat and eco-friendly box, product was well protected. Exceeded my expectations in most areas.",5,10 Oct 2025
Aura X5 Wireless Headphones,"Quality is disappointing for this price. Very fragile product, already showing damage. Overall a frustrating experience for me.",1,24 Jan 2026
Aura X5 Wireless Headphones,"Neat and eco-friendly box, product was well protected. Courier partner was polite and delivery was on time. Overall I am quite happy with the purchase.",4,13 Feb 2026
Aura X5 Wireless Headphones,Love the colour and premium elegant style. Would definitely recommend it to others.,4,17 May 2026
Aura X5 Wireless Headphones,"Neat and eco-friendly box, product was well protected. Warranty claim was approved without any hassle. Strong build, should easily last for years. Overall I am quite happy with the purchase.",4,04 Dec 2025
Aura X5 Wireless Headphones,"Very poor finishing, found scratches on arrival. Totally worth every rupee, highly affordable deal. Neither great nor terrible, manages fine.",3,21 Jan 2026
Aura X5 Wireless Headphones,"No wear or scratches even after rough use. Great value for money, got it on a nice discount. Overall I am quite happy with the purchase.",4,03 Jun 2026
Aura X5 Wireless Headphones,"Delivery was super fast, arrived two days early. Neither great nor terrible, manages fine.",3,24 Sep 2025
Aura X5 Wireless Headphones,"Seems very durable, survived a drop already. Love the colour and premium elegant style. Exceeded my expectations in most areas.",4,10 Mar 2026
Aura X5 Wireless Headphones,"Modern attractive look, got many compliments. Customer service was very helpful with my queries. Genuinely satisfied, five stars from me.",1,31 Jul 2026
Aura X5 Wireless Headphones,"Feels genuine and well finished, no flaws at all. Double-layer packing kept everything safe. Genuinely satisfied, five stars from me.",4,17 Oct 2025
Aura X5 Wireless Headphones,"Top-notch quality, totally worth the money. Totally worth every rupee, highly affordable deal. Overall I am quite happy with the purchase.",5,30 Mar 2026
Aura X5 Wireless Headphones,Love the colour and premium elegant style. Overall I am quite happy with the purchase.,2,22 Oct 2025
Aura X5 Wireless Headphones,"Design looks sleek and beautiful in person. Customer service never picks up the phone. Decent for the price, with some compromises.",5,23 May 2026
Aura X5 Wireless Headphones,"Totally worth every rupee, highly affordable deal. The material quality exceeded my expectations. Genuinely satisfied, five stars from me.",4,14 Sep 2026
Aura X5 Wireless Headphones,Courier partner was polite and delivery was on time. Exceeded my expectations in most areas.,4,24 Jun 2026
Aura X5 Wireless Headphones,"Totally worth every rupee, highly affordable deal. Build quality feels truly premium and sturdy. Exceeded my expectations in most areas.",5,26 Sep 2025
Aura X5 Wireless Headphones,"Delivery was super fast, arrived two days early. Strong build, should easily last for years. Would definitely recommend it to others.",4,05 Aug 2026
Aura X5 Wireless Headphones,"Totally worth every rupee, highly affordable deal. Seller responded within an hour, great support. Neither great nor terrible, manages fine.",1,20 Jul 2026
Aura X5 Wireless Headphones,"Delivery was delayed by more than a week. Regret buying this, quite disappointed.",2,06 Aug 2026
Aura X5 Wireless Headphones,"Very fragile product, already showing damage. Fit is uncomfortable and size runs small. Regret buying this, quite disappointed.",3,22 Mar 2026
Aura X5 Wireless Headphones,"No wear or scratches even after rough use. Love the colour and premium elegant style. Feels genuine and well finished, no flaws at all. Would definitely recommend it to others.",5,10 May 2026
Aura X5 Wireless Headphones,"Modern attractive look, got many compliments. Packaging was excellent, fully sealed and cushioned. Exceeded my expectations in most areas.",2,04 Sep 2026
Aura X5 Wireless Headphones,"Top-notch quality, totally worth the money. Totally worth every rupee, highly affordable deal. Overall I am quite happy with the purchase.",4,13 Aug 2026
Aura X5 Wireless Headphones,"Got cracked with normal everyday use. Very poor finishing, found scratches on arrival. I would not recommend this to anyone.",4,03 Apr 2026
Aura X5 Wireless Headphones,"The material quality exceeded my expectations. Genuinely satisfied, five stars from me.",4,21 Jul 2026
Aura X5 Wireless Headphones,"Stopped working within a month, not durable. Overall a frustrating experience for me.",1,23 Sep 2025
Aura X5 Wireless Headphones,"Packaging was excellent, fully sealed and cushioned. Modern attractive look, got many compliments. Customer service was very helpful with my queries. Exceeded my expectations in most areas.",4,28 Aug 2026
Aura X5 Wireless Headphones,"Double-layer packing kept everything safe. Seems very durable, survived a drop already. Performance is buttery smooth, no lag whatsoever. Genuinely satisfied, five stars from me.",2,25 Jun 2026
Aura X5 Wireless Headphones,Price is very reasonable for what you get. Overall I am quite happy with the purchase.,4,27 Jul 2026
Aura X5 Wireless Headphones,"Seal was broken when it arrived, looks used. Very fragile product, already showing damage. Delivery was super fast, arrived two days early. Decent for the price, with some compromises.",4,07 May 2026
Aura X5 Wireless Headphones,"Warranty claim was approved without any hassle. Build quality feels truly premium and sturdy. Packaging was excellent, fully sealed and cushioned. Genuinely satisfied, five stars from me.",4,06 Nov 2025
Aura X5 Wireless Headphones,"Colour is different from the photos shown. Regret buying this, quite disappointed.",2,21 May 2026
Aura X5 Wireless Headphones,Performance lags and the device heats up fast. I would not recommend this to anyone.,4,11 Feb 2026
Nova Fit Smartwatch Pro,"Sound is tinny and connectivity keeps dropping. Seal was broken when it arrived, looks used. Expected much better at this price point.",4,25 May 2026
Nova Fit Smartwatch Pro,"Strong build, should easily last for years. Price is very reasonable for what you get. Seller responded within an hour, great support. Exceeded my expectations in most areas.",4,01 Oct 2025
Nova Fit Smartwatch Pro,Delivery was delayed by more than a week. Customer service never picks up the phone. Performance lags and the device heats up fast. I would not recommend this to anyone.,2,28 Oct 2025
Nova Fit Smartwatch Pro,"Delivery was delayed by more than a week. Too expensive for the features offered. Packaging was terrible, loose box with no cushion. Overall a frustrating experience for me.",3,20 Jun 2026
Nova Fit Smartwatch Pro,"Felt cheated, MRP discount looks fake. Battery drains too quickly, features feel gimmicky. Neither great nor terrible, manages fine.",1,26 Jan 2026
Nova Fit Smartwatch Pro,"Warranty claim was approved without any hassle. Perfect fit and super comfortable to use daily. Decent for the price, with some compromises.",4,27 Jun 2026
Nova Fit Smartwatch Pro,"Seller is unresponsive and support is pathetic. Sound is tinny and connectivity keeps dropping. Felt cheated, MRP discount looks fake. Expected much better at this price point.",2,01 Jan 2026
Nova Fit Smartwatch Pro,"Very fragile product, already showing damage. Colour is different from the photos shown. Regret buying this, quite disappointed.",1,29 Oct 2025
Nova Fit Smartwatch Pro,"Sound is tinny and connectivity keeps dropping. Packaging was terrible, loose box with no cushion. Expected much better at this price point.",1,09 Jul 2026
Nova Fit Smartwatch Pro,The material looks duplicate and low grade. Price is high compared to competing brands. I would not recommend this to anyone.,2,21 Aug 2026
Nova Fit Smartwatch Pro,"Quality is disappointing for this price. Arrived late and the outer box was torn. Battery drains too quickly, features feel gimmicky. Neither great nor terrible, manages fine.",3,03 May 2026
Nova Fit Smartwatch Pro,"Seal was broken when it arrived, looks used. Broke down twice, durability is a big concern. Expected much better at this price point.",4,23 Sep 2025
Nova Fit Smartwatch Pro,Return request was rejected without any reason. Camera quality is poor in low light. Expected much better at this price point.,4,17 May 2026
Nova Fit Smartwatch Pro,"Packaging was terrible, loose box with no cushion. Shipping took forever and tracking never updated. Performance lags and the device heats up fast. Expected much better at this price point.",1,13 Feb 2026
Nova Fit Smartwatch Pro,"Return and replacement process was smooth and quick. No wear or scratches even after rough use. Sound output is rich and the interface is intuitive. Genuinely satisfied, five stars from me.",5,28 Jan 2026
Nova Fit Smartwatch Pro,"Delivery was delayed by more than a week. Seems very durable, survived a drop already. Sound is tinny and connectivity keeps dropping. It is an okay product, does the job.",3,24 Apr 2026
Nova Fit Smartwatch Pro,The material looks duplicate and low grade. Got cracked with normal everyday use. Overall a frustrating experience for me.,1,03 Dec 2025
Nova Fit Smartwatch Pro,"Camera and display quality are outstanding. Seems very durable, survived a drop already. Overall I am quite happy with the purchase.",4,12 Jan 2026
Nova Fit Smartwatch Pro,Price is very reasonable for what you get. Would definitely recommend it to others.,1,04 Nov 2025
Nova Fit Smartwatch Pro,"The material looks duplicate and low grade. Regret buying this, quite disappointed.",3,25 Apr 2026
Nova Fit Smartwatch Pro,"Warranty claim was approved without any hassle. Premium unboxing experience, sealed pack. Genuinely satisfied, five stars from me.",4,20 Jul 2026
Nova Fit Smartwatch Pro,"Neat and eco-friendly box, product was well protected. Features are amazing, battery backup lasts all day. Modern attractive look, got many compliments. Exceeded my expectations in most areas.",1,05 Apr 2026
Nova Fit Smartwatch Pro,"Very poor finishing, found scratches on arrival. Packaging was terrible, loose box with no cushion. I would not recommend this to anyone.",2,25 May 2026
Nova Fit Smartwatch Pro,"Design looks dull and outdated in real life. Camera quality is poor in low light. Very poor finishing, found scratches on arrival. Overall a frustrating experience for me.",1,30 Nov 2025
Nova Fit Smartwatch Pro,"Battery drains too quickly, features feel gimmicky. Stopped working within a month, not durable. Not value for money at all, overpriced product. Regret buying this, quite disappointed.",1,01 May 2026
Nova Fit Smartwatch Pro,Shipping took forever and tracking never updated. Too expensive for the features offered. I would not recommend this to anyone.,1,19 Mar 2026
Nova Fit Smartwatch Pro,Love the colour and premium elegant style. Overall I am quite happy with the purchase.,2,08 Aug 2026
Nova Fit Smartwatch Pro,Courier partner was polite and delivery was on time. Return and replacement process was smooth and quick. Camera and display quality are outstanding. Overall I am quite happy with the purchase.,4,26 Sep 2025
Nova Fit Smartwatch Pro,Customer service was very helpful with my queries. Courier partner was polite and delivery was on time. Exceeded my expectations in most areas.,3,18 Apr 2026
Nova Fit Smartwatch Pro,"Premium unboxing experience, sealed pack. Great value for money, got it on a nice discount. The material quality exceeded my expectations. Exceeded my expectations in most areas.",4,10 Jun 2026
Nova Fit Smartwatch Pro,"Delivery was super fast, arrived two days early. Overall I am quite happy with the purchase.",4,10 Oct 2025
Nova Fit Smartwatch Pro,Return request was rejected without any reason. Overall a frustrating experience for me.,2,06 Jun 2026
Nova Fit Smartwatch Pro,"Courier partner was polite and delivery was on time. Double-layer packing kept everything safe. Return and replacement process was smooth and quick. Genuinely satisfied, five stars from me.",5,12 Mar 2026
Nova Fit Smartwatch Pro,"Camera and display quality are outstanding. Premium unboxing experience, sealed pack. Perfect fit and super comfortable to use daily. Overall I am quite happy with the purchase.",4,28 Mar 2026
Nova Fit Smartwatch Pro,"Looks bulky and cheap, not attractive at all. Expected much better at this price point.",1,25 Jun 2026
Nova Fit Smartwatch Pro,"Arrived late and the outer box was torn. Regret buying this, quite disappointed.",1,09 Aug 2026
Nova Fit Smartwatch Pro,"Stopped working within a month, not durable. Neither great nor terrible, manages fine.",2,08 Jul 2026
Nova Fit Smartwatch Pro,"The material quality exceeded my expectations. No wear or scratches even after rough use. Seller responded within an hour, great support. Overall I am quite happy with the purchase.",4,15 Oct 2025
Nova Fit Smartwatch Pro,"Double-layer packing kept everything safe. Delivery was super fast, arrived two days early. The material quality exceeded my expectations. Genuinely satisfied, five stars from me.",5,28 Jul 2026
Nova Fit Smartwatch Pro,Camera and display quality are outstanding. Overall I am quite happy with the purchase.,4,31 May 2026
BrewMaster 500 Coffee Maker,"Warranty process is a nightmare, no help received. Decent for the price, with some compromises.",4,17 Jul 2026
BrewMaster 500 Coffee Maker,"Courier partner was polite and delivery was on time. Seller responded within an hour, great support. Exceeded my expectations in most areas.",3,15 Aug 2026
BrewMaster 500 Coffee Maker,"Features are amazing, battery backup lasts all day. Exceeded my expectations in most areas.",4,24 Feb 2026
BrewMaster 500 Coffee Maker,"Design looks dull and outdated in real life. Broke down twice, durability is a big concern. I would not recommend this to anyone.",4,06 Jul 2026
BrewMaster 500 Coffee Maker,"Feels genuine and well finished, no flaws at all. Price is very reasonable for what you get. No wear or scratches even after rough use. Would definitely recommend it to others.",2,13 Oct 2025
BrewMaster 500 Coffee Maker,"Battery drains too quickly, features feel gimmicky. Very poor finishing, found scratches on arrival. I would not recommend this to anyone.",1,21 Jul 2026
BrewMaster 500 Coffee Maker,"Neat and eco-friendly box, product was well protected. Would definitely recommend it to others.",2,22 Jul 2026
BrewMaster 500 Coffee Maker,Double-layer packing kept everything safe. Overall I am quite happy with the purchase.,3,24 Aug 2026
BrewMaster 500 Coffee Maker,"Battery drains too quickly, features feel gimmicky. Poor wrapping, item was rattling inside the box. Not value for money at all, overpriced product. Overall a frustrating experience for me.",3,09 Jan 2026
BrewMaster 500 Coffee Maker,"Strong build, should easily last for years. Love the colour and premium elegant style. Exceeded my expectations in most areas.",4,24 Oct 2025
BrewMaster 500 Coffee Maker,"Packaging was excellent, fully sealed and cushioned. Features are amazing, battery backup lasts all day. Exceeded my expectations in most areas.",3,25 Feb 2026
BrewMaster 500 Coffee Maker,Too expensive for the features offered. Seller is unresponsive and support is pathetic. Overall a frustrating experience for me.,3,17 Sep 2026
BrewMaster 500 Coffee Maker,"Design looks sleek and beautiful in person. Courier partner was polite and delivery was on time. Genuinely satisfied, five stars from me.",4,22 Nov 2025
BrewMaster 500 Coffee Maker,"Great value for money, got it on a nice discount. No wear or scratches even after rough use. Overall I am quite happy with the purchase.",4,20 Jan 2026
BrewMaster 500 Coffee Maker,"Sound output is rich and the interface is intuitive. Great value for money, got it on a nice discount. Would definitely recommend it to others.",5,10 Jan 2026
BrewMaster 500 Coffee Maker,Perfect fit and super comfortable to use daily. Sound output is rich and the interface is intuitive. Customer service was very helpful with my queries. Exceeded my expectations in most areas.,5,09 Aug 2026
BrewMaster 500 Coffee Maker,"The material quality exceeded my expectations. Great value for money, got it on a nice discount. Exceeded my expectations in most areas.",3,22 Mar 2026
BrewMaster 500 Coffee Maker,"Packaging was excellent, fully sealed and cushioned. Top-notch quality, totally worth the money. Would definitely recommend it to others.",5,31 Dec 2025
BrewMaster 500 Coffee Maker,"Seller is unresponsive and support is pathetic. Packaging was terrible, loose box with no cushion. Expected much better at this price point.",2,03 Oct 2025
BrewMaster 500 Coffee Maker,Quality is disappointing for this price. Shipping took forever and tracking never updated. Fit is uncomfortable and size runs small. Expected much better at this price point.,1,24 Jul 2026
BrewMaster 500 Coffee Maker,"Build quality feels cheap and plasticky. Warranty process is a nightmare, no help received. Overall a frustrating experience for me.",2,25 Jan 2026
BrewMaster 500 Coffee Maker,Got cracked with normal everyday use. Customer service never picks up the phone. Expected much better at this price point.,1,12 Dec 2025
BrewMaster 500 Coffee Maker,Sound is tinny and connectivity keeps dropping. Overall a frustrating experience for me.,2,27 Oct 2025
BrewMaster 500 Coffee Maker,"Seller is unresponsive and support is pathetic. Regret buying this, quite disappointed.",1,31 Jan 2026
BrewMaster 500 Coffee Maker,"Not value for money at all, overpriced product. Camera quality is poor in low light. Decent for the price, with some compromises.",3,12 Jun 2026
BrewMaster 500 Coffee Maker,"Modern attractive look, got many compliments. Would definitely recommend it to others.",5,30 Oct 2025
BrewMaster 500 Coffee Maker,"The material looks duplicate and low grade. Poor wrapping, item was rattling inside the box. I would not recommend this to anyone.",2,20 Aug 2026
BrewMaster 500 Coffee Maker,"Performance is buttery smooth, no lag whatsoever. Seller responded within an hour, great support. Delivery was super fast, arrived two days early. Exceeded my expectations in most areas.",4,27 Nov 2025
BrewMaster 500 Coffee Maker,Build quality feels cheap and plasticky. Expected much better at this price point.,2,05 Nov 2025
BrewMaster 500 Coffee Maker,"Perfect fit and super comfortable to use daily. Premium unboxing experience, sealed pack. Overall I am quite happy with the purchase.",4,21 Aug 2026
BrewMaster 500 Coffee Maker,Double-layer packing kept everything safe. Love the colour and premium elegant style. Exceeded my expectations in most areas.,2,04 May 2026
BrewMaster 500 Coffee Maker,"Customer service was very helpful with my queries. Average experience, nothing special.",1,10 Aug 2026
BrewMaster 500 Coffee Maker,"Modern attractive look, got many compliments. Double-layer packing kept everything safe. Seller responded within an hour, great support. It is an okay product, does the job.",4,08 Nov 2025
BrewMaster 500 Coffee Maker,"Using it daily for months, still looks brand new. Warranty claim was approved without any hassle. Exceeded my expectations in most areas.",4,02 Mar 2026
BrewMaster 500 Coffee Maker,"Top-notch quality, totally worth the money. Exceeded my expectations in most areas.",1,15 Nov 2025
BrewMaster 500 Coffee Maker,Arrived late and the outer box was torn. Expected much better at this price point.,1,19 Jul 2026
BrewMaster 500 Coffee Maker,"Camera quality is poor in low light. Looks bulky and cheap, not attractive at all. Overall a frustrating experience for me.",1,02 Jul 2026
BrewMaster 500 Coffee Maker,Sound is tinny and connectivity keeps dropping. Return request was rejected without any reason. Build quality feels cheap and plasticky. I would not recommend this to anyone.,4,19 Oct 2025
BrewMaster 500 Coffee Maker,"Colour is different from the photos shown. Decent for the price, with some compromises.",3,31 Mar 2026
BrewMaster 500 Coffee Maker,The material quality exceeded my expectations. Quick shipping and live tracking worked perfectly. Exceeded my expectations in most areas.,3,27 Sep 2025
